hashtag,count
#the,30
#a,28
#Ferguson,28
#is,26
#Christmas,24
#eu,24
#love,24
#to,20
#notcies,18
#on,16
#you,16
#funny,16
#tcot,16
#lol,16
#TeenAnalCasting,14
#BlackLivesMatter,14
#truth,14
#be,14
#EricGarner,14
#sydneysiege,12
#Russia,12
#it,12
#PeshawarAttack,12
#photo,12
#for,12
#ha,10
#me,10
#work,10
#All,10
#good,10
#Obama,10
#ICantBreathe,10
#new,10
#sorry,10
#and,10
#happy,10
#over,10
#But,10
#my,10
#this,10
#i,10
#says,10
#im,10
#saintsfc,10
#are,10
#fml,8
#art,8
#MTVStars,8
#TortureReport,8
#was,8
#how,8
#cool,8
#fail,8
#out,8
#2015,8
#Love,8
#fb,8
#christmas,8
#beautiful,8
#one,8
#kids,8
#WTF,8
#today,8
#U,8
#wow,8
#success,8
#blessed,8
#girl,8
#MonsterMMORPG,8
#we,8
#life,8
#NYPD,6
#of,6
#bad,6
#ootd,6
#proud,6
#Taliban,6
#in,6
#AdvancedWarfare,6
#Gharwapsi,6
#long,6
#money,6
#News,6
#gym,6
#food,6
#entrepreneur,6
#time,6
#OrionLaunch,6
#follow,6
#notcias,6
#QuiksilverGoesSupersonic,6
#enough,6
#europ,6
#fashion,6
#drawing,6
#like,6
#SonyHack,6
#BBC,6
#NFL,6
#style,6
#Christians,6
#why,6
#8230,6
#insomnia,6
#TSU,6
#our,6
#day,6
#Israel,6
#shocker,6
#your,6
#ThanksObama,6
#Kashmir,6
#sundayfunday,6
#hypocrisy,6
#lbloggers,6
#shopping,6
#rip,6
#Of,6
#traffic,6
#best,6
#keep,6
#never,6
#finalsweek,6
#may,6
#up,6
#cuba,6
#struggle,6
#or,6
#New,6
#startup,6
#so,6
#ugh,6
#do,6
#smh,6
#motivation,6
#crafts,6
#women,6
#year,6
#LOL,6
#sorrynotsorry,6
#now,6
#funtimes,6
#fun,6
#he,6
#diy,6
#8211,4
#notfun,4
#Redskins,4
#moment,4
#happymonday,4
#sonakshi,4
#sotired,4
#no,4
#accounting,4
#sydney,4
#wet,4
#morning,4
#woohoo,4
#relationships,4
#Iran,4
#followme,4
#zzzz,4
#2014,4
#gamergate,4
#text,4
#GoSupersonicQuikr,4
#Depression,4
#watching,4
#annoying,4
#down,4
#dcRising,4
#LFC,4
#been,4
#dataviz,4
#found,4
#Bad,4
#yay,4
#has,4
#frozen,4
#Is,4
#Four,4
#color,4
#night,4
#at,4
#EatenAlive,4
#awesome,4
#humor,4
#holiday,4
#Police,4
#If,4
#Canada,4
#Music,4
#then,4
#someone,4
#ECB,4
#German,4
#TakeMeOut,4
#growth,4
#TheInterview,4
#daughter,4
#communication,4
#joke,4
#because,4
#GoSupersonic,4
#mylove,4
#Ukraine,4
#2014MAMA,4
#np,4
#cleveland,4
#ISIS,4
#GetMeToEVC,4
#lifegoals,4
#RedSox,4
#old,4
#GlobalWarming,4
#stfu,4
#Tampa,4
#but,4
#StarTrek,4
#rape,4
#Cuba,4
#pick,4
#decemberchallenge,4
#Sadhvi,4
#meet,4
#Twitter,4
#want,4
#TOpoli,4
#Daesh,4
#trolls,4
#monday,4
#banter,4
#NowPlaying,4
#hungry,4
#people,4
#look,4
#GamerGate,4
#nothanks,4
#smile,4
#cold,4
#lovehim,4
#TMLtalk,4
#Leafs,4
#from,4
#wife,4
#HarryPotter,4
#Bones,4
#absolutetosh,4
#CameronMustGo,4
#floor,4
#GIFT,4
#boy,4
#todayimloving,4
#Idiot,4
#Business,4
#beauty,4
#just,4
#Work,4
#CHRISTMAS,4
#drink,4
#Dead,4
#say,4
#hi,4
#MufflerMan,4
#Shots,4
#friends,4
#sweet,4
#NY,4
#Thanksgiving,4
#sleep,4
#covermodels,4
#killme,4
#cpfc,4
#ready,4
#chicago,4
#business,4
#by,4
#quoteoftheday,4
#bestfriends,4
#security,4
#BlackPeople,4
#socialmedia,4
#This,4
#Hypocrites,4
#Texas2015,4
#AntiConversionLaw,4
#HipHop,4
#vscocam,4
#naah,4
#naughty,4
#myfav,4
#deep,4
#bye,4
#last,4
#Aussie,4
#artist,4
#Frozen,4
#mud,4
#lifequotes,4
#christmastree,4
#OneTreeHill,4
#Yoda,4
#feminist,4
#HappyHolidays,4
#pakvnz,4
#Repost,4
#goodgrief,4
#iwanttosleep,4
#tumblr,4
#college,4
#with,4
#oldschool,4
#Comedy,4
#BBN,4
#ok,4
#Its,4
#ATL,4
#net,4
#Year,4
#pissed,4
#Australia,4
#superman,4
#will,4
#giveaway,4
#bbloggers,4
#SheNeverLeft,4
#goodnight,4
#GetEnchanted,4
#BillCosby,4
#can,4
#nyc,4
#stupid,4
#A,4
#great,4
#loveit,4
#Food,4
#AirAsia,4
#what,4
#CFBPlayoff,4
#Indonesia,4
#Jesus,4
#its,4
#Education,4
#storm,4
#flu,4
#Quotes,4
#AK4Delhi,4
#Chicago,4
#RIP,4
#finals,4
#Getting,4
#hypocrite,4
#hope,4
#see,4
#amazing,4
#killmenow,4
#Uber,4
#ICC,4
#ff,4
#cdnpoli,4
#PMHarper,4
#Palestinian,4
#UK,4
#HandsUpDontShoot,4
#change,4
#Misogyny,4
#again,4
#selfie,4
#holidays,4
#winter,4
#Cute,4
#working,4
#Nope,4
#Sagittarius,4
#positive,4
#charity,4
#HappyNewYear,4
#cute,4
#GoodMorning,4
#black,4
#Opinion,4
#BFHardline,4
#Eccentric,4
#December,4
#finalsamiright,2
#thankgodforbackups,2
#ISLAMISTS,2
#Exclusive,2
#ENTRY,2
#ohanya,2
#ironagethinking,2
#CAN,2
#addicted,2
#SYRIAN,2
#TWINS,2
#IDENTIFIED,2
#TERRORISTS,2
#daymade,2
#Reason,2
#By,2
#sleepingbeauty,2
#bequieter,2
#mets,2
#weather,2
#WishWeHadA28MilStriker,2
#2,2
#crash,2
#Insanity,2
#getwellsoon,2
#Audi,2
#effroommates,2
#Ebony,2
#yourtooloud,2
#Mom,2
#Judge,2
#request,2
#personalalarmclock,2
#timing,2
#Minivan,2
#Bollywood,2
#focuses,2
#VENTURES,2
#FOXNews,2
#Wilkerson,2
#probe,2
#TWEETING,2
#Carporn,2
#notnecessary,2
#R8,2
#Guilty,2
#climb,2
#LLC,2
#imagine,2
#whatDoIExpect,2
#NMUComputersAreTheBest,2
#Lovecraft,2
#SantaClaus,2
#FacePalm,2
#green,2
#sustainability,2
#stopcomplaing,2
#marketing,2
#DoinItRight,2
#MaybeNextYear,2
#NewYearsResolution,2
#EasyDay,2
#Notsarcasm,2
#u,2
#praying,2
#basketballgods,2
#orisit,2
#TGIF,2
#Cthulhu,2
#TradeBait,2
#speedtest,2
#hippoes,2
#Cake,2
#Like,2
#MMs,2
#Made,2
#Make,2
#fat,2
#sumo,2
#turtle,2
#NO,2
#googlemapcibae,2
#bij,2
#indoctrination,2
#Lefties,2
#freedomofspeech,2
#upsettummy,2
#UKPLUS,2
#8crap,2
#Correct,2
#Wrong,2
#policy,2
#Michigan,2
#InkRivals,2
#firemen,2
#paint,2
#OPEC,2
#chief,2
#defends,2
#group,2
#motherhood,2
#try,2
#ride,2
#price,2
#fall,2
#coldpants,2
#offtomysteriousplaces,2
#BLESSING,2
#wordshurt,2
#single,2
#FactAboutAbuse,2
#selfiestick,2
#Kingofpop,2
#mjackson,2
#michaeljackson,2
#invicible,2
#breakofdawn,2
#king,2
#dead,2
#thisiscrap,2
#elvis,2
#nothelpfulatall,2
#brand,2
#buzzfeed,2
#fuckoff,2
#indonesian,2
#czech,2
#mix,2
#As,2
#anychanceofasocial,2
#archiesday,2
#stupidity,2
#ifyoudonthaveanythingnicetosaydontsayanythingatall,2
#WhatASuprise,2
#WhatElseIsNew,2
#psndown,2
#stupidsauce,2
#mymomcoulddobetter,2
#nuffsaid,2
#hadenough,2
#redbucket,2
#shell,2
#bagon,2
#sotrue,2
#ihavenolife,2
#misshim,2
#haveabetterone,2
#Justin,2
#FullMcIntosh,2
#omwtothemet,2
#DeepRespect,2
#kidding,2
#SoFun,2
#greatcustomerrelations,2
#duleepSingh,2
#Brit,2
#fast,2
#coincidence,2
#think,2
#MISFIT,2
#OrTypeCast,2
#eskom,2
#ChangetheCanon,2
#yallknowthatsnotcoolright,2
#worry,2
#Statuesque,2
#Skinny,2
#Look,2
#justinbeiber,2
#Glee,2
#Jezza,2
#annoyed,2
#Palestinians,2
#approach,2
#Venezuela,2
#Moscow,2
#Chechen,2
#Grozny,2
#thisisadisaster,2
#relieved,2
#freezes,2
#gone,2
#letswork,2
#kiddingnotkidding,2
#sheseriouslyrocks,2
#Curious,2
#Funny,2
#bluedream,2
#funds,2
#asongofice,2
#Cubs,2
#Gaza,2
#Breastfeeding,2
#interesinglife,2
#whatamidoingwithmylife,2
#longesthashtagnotneededbutYOLO,2
#TERROR,2
#ORGANIZATION,2
#Hamas,2
#fuckinsnow,2
#gameofthrones,2
#TrueStoryFam,2
#Walmart,2
#Islam,2
#cringe,2
#JustCODThing,2
#talkingabout,2
#theteachers,2
#Katarro,2
#dialinginthedark,2
#Georgeous,2
#mt121,2
#large,2
#parts,2
#crashed,2
#jet,2
#sea,2
#motheroftheyear,2
#improved,2
#brakiest,2
#loadshedding,2
#SororitySisters,2
#ShutItDown,2
#late,2
#bullringbirmingham,2
#sunglasses,2
#sayyes,2
#hair,2
#cut,2
#lyntoncrosby,2
#Modi,2
#weresogood,2
#sewing,2
#rough,2
#coveryomouf,2
#nasty,2
#pakistan,2
#3allover,2
#yeg,2
#HAH,2
#WOTWOT,2
#Pensacola,2
#YUMMY,2
#biology,2
#HateSchmoozing,2
#TimesSquare,2
#secularindia,2
#hypocrites,2
#worth,2
#QvAW,2
#fashionmajor,2
#webackEd,2
#flattering,2
#GapingAngels,2
#internetcelebrity,2
#cbs,2
#wbbm,2
#yesimreadingthisbook,2
#catsofinstagram,2
#catstagram,2
#ilovemycat,2
#pawproject,2
#SuC,2
#Xring,2
#wrestling,2
#xringmiracle,2
#umitsaMUSICAL,2
#along,2
#times,2
#hello,2
#wanna,2
#win,2
#KMT,2
#workingpress,2
#cfd,2
#fire,2
#spam,2
#SportsEntertainment,2
#wwe,2
#raw,2
#smackdown,2
#co,2
#Flurries,2
#ambition,2
#ChampionsLeague,2
#Rangers,2
#BJP,2
#HINDU,2
#CM,2
#Bears,2
#whatamess,2
#TvQuotes,2
#WhiteCollar,2
#gifts,2
#OMCchat,2
#WorstOutfit,2
#bouncebackAnnie,2
#mystical,2
#SocialMedia,2
#AcknowledgementIsFirstStep,2
#cutestcouple,2
#MerryXmas,2
#whatsnext,2
#fuckUF,2
#MensFashion,2
#enlightened,2
#drugs,2
#deadHenry,2
#Leo,2
#Kids,2
#Fun,2
#Face,2
#Angry,2
#manitibaprobs,2
#suckitmothernature,2
#angryman,2
#jakellmitchell,2
#myass,2
#RollTide,2
#auburn,2
#Cichlids,2
#NoFilter,2
#MarineWhite,2
#totally,2
#repetetive,2
#LegitReasonToComplain,2
#itshappening,2
#Sopping,2
#Squishing,2
#between,2
#toes,2
#Swimming,2
#puddle,2
#wrecked,2
#adanisJet,2
#LoveJihad,2
#Alabama,2
#NursingLife,2
#WorkingDaysAndNights,2
#whatmorecouldaguyaskfor,2
#StockholmSyndrome,2
#payday,2
#would,2
#rude,2
#too,2
#essentialservice,2
#beenshite,2
#HAHA,2
#HappyThanksgiving,2
#stillalive,2
#wwfc,2
#childagain,2
#AntonioMartin,2
#EndRacism,2
#SocialJustice,2
#startasyoumeantogoon,2
#Proud,2
#NoodleScene,2
#ohgoditsfridayagain,2
#CPC,2
#HAILSTATE,2
#countyourblessings,2
#Sex,2
#Fine,2
#Tipsy,2
#Drunk,2
#NeedAGoodLaugh,2
#modere,2
#realjournalist,2
#cycle,2
#fool,2
#festive500,2
#wrong,2
#does,2
#count,2
#xxx,2
#equality,2
#respect,2
#sectarianviolence,2
#twittereantaboutlife,2
#badincentives,2
#healthcare,2
#KobeBryant,2
#rowdy,2
#toomuchlove,2
#360family,2
#GapeLand,2
#Super,2
#GroceriesNotGuns,2
#noshame,2
#Respect,2
#MJ,2
#theboysarebackintown,2
#Close,2
#Legends,2
#eh,2
#needs,2
#justwhatiwanted,2
#Disgrace,2
#OngoingProblem,2
#barber,2
#hirefriday,2
#infosec,2
#canes,2
#freedom,2
#fluday4,2
#kimk,2
#balenciaga,2
#kimkardashianwest,2
#kimkardashian,2
#vestito,2
#moda,2
#go,2
#givepresence,2
#BharatRatna,2
#MehRockingMyBluMonsoonT,2
#glasseverywhere,2
#boyswillbeboys,2
#sarcasticbitch,2
#KeyboardCowboy,2
#anyonecancode,2
#frca,2
#hairdresser,2
#blondie,2
#dontwanttobehere,2
#instagood,2
#ahaa,2
#SCCMAdmininHealthcare,2
#WebRTC,2
#WebRTCParis,2
#Soundcloud,2
#ConsciousMusic,2
#protester,2
#suckered,2
#making,2
#VivaANCviva,2
#powerful,2
#intimidating,2
#Nasty,2
#shiftworkerlife,2
#atheist,2
#atheism,2
#GTX980,2
#instadaily,2
#nice,2
#ThatsArsenal,2
#sassy,2
#mood,2
#noHunting,2
#stuism,2
#strength,2
#hardwork,2
#WatchOutForThis,2
#YouAndIBackToYoutube,2
#DontBelieveMeJustWatch,2
#Dude,2
#Girlygirl,2
#I039m,2
#Into,2
#EVC14,2
#yesterday,2
#christmaseve,2
#lastnight,2
#facup,2
#statistics,2
#tramadol,2
#finance,2
#stooges,2
#defined,2
#past,2
#Stockport,2
#disney,2
#belle,2
#MoreFollowersPlease,2
#JAGS,2
#SHADKHAN,2
#beastside,2
#She,2
#tahiti,2
#GoBolts,2
#singingoutloud,2
#TUNE,2
#racewar,2
#LoveNotWar,2
#Contradiction,2
#lrs,2
#advice,2
#motto,2
#giving,2
#I,2
#SPS,2
#Batman,2
#1stPhoto,2
#rektek,2
#bmx,2
#lookMamNoHands,2
#flying,2
#fallingWithStyle,2
#TheNewsroom,2
#fs100,2
#EDM,2
#SoObvious,2
#AttentionWhore,2
#keepitreal,2
#SoDemocratic,2
#take,2
#breath,2
#party,2
#atmosphere,2
#ecigs,2
#day3,2
#epic,2
#GosfordPark,2
#shitty,2
#euphemism,2
#CoerciveControl,2
#coined,2
#MAN,2
#lovingly,2
#appropriated,2
#radical,2
#agenda,2
#theyllgiveyounightmares,2
#ohwell,2
#youaskedforit,2
#lifesaved,2
#Peshawarattack,2
#IndiawithPakistan,2
#JeremyNortham,2
#sun,2
#fakelobster,2
#france,2
#lifestyleoftherichandfamous,2
#worldofswede,2
#EConvo,2
#Film,2
#Director,2
#President,2
#Russian,2
#French,2
#leaders,2
#rules,2
#offensive,2
#AutumnStatement,2
#activists,2
#radicals,2
#classwar,2
#orion,2
#DecemberPhotoChallenge,2
#Santa,2
#1,2
#CallMeEva,2
#jusygirlythings,2
#itm,2
#noagenda,2
#tech,2
#seewhatidid,2
#readpeople,2
#growingwinter,2
#speak,2
#save,2
#read,2
#vice,2
#book,2
#งวย,2
#doing,2
#home,2
#Celtics,2
#What,2
#tink,2
#oters,2
#captain,2
#United,2
#sarcasmtweet,2
#inkmasterfinale,2
#nightin,2
#WizRockets,2
#GoT,2
#Supportfawad,2
#Usman,2
#darumaka,2
#thanksmom,2
#sorryimstoned,2
#inkmasterrivals,2
#Man,2
#goodboy,2
#allthetime,2
#bronut,2
#mentissues,2
#Sports,2
#Carrick,2
#replaces,2
#Fletcher,2
#lagos,2
#JohnSchneider,2
#TomWopat,2
#HoldTheApplause,2
#Tolo,2
#Never,2
#srslyofALLrooms,2
#SMFH,2
#snipers,2
#NewZealand,2
#earnaview,2
#yes,2
#FunChristmas,2
#sideworknazi,2
#career,2
#gita,2
#profound,2
#RelationshipGoalsAccomplished,2
#2a,2
#minecraft,2
#hardcore,2
#married,2
#UKvsLOU,2
#nosleepdecember,2
#merrycuteness,2
#fosho,2
#perfectday,2
#howitworks,2
#marketingnewbie,2
#pleasedontspeak,2
#fair,2
#lucky,2
#duck,2
#Ministers,2
#criticised,2
#train,2
#deals,2
#wifemeup,2
#procrastinators,2
#samsung,2
#recommended,2
#USA,2
#CIA,2
#unilife,2
#ilovebrighthouse,2
#Holymoly,2
#greensmoothiegirl,2
#bit,2
#freebiebookdownload,2
#GreenLiving,2
#Fact,2
#newyearnewme,2
#twink,2
#engine,2
#goldenkrust,2
#MuslimApologies,2
#grown,2
#NCAA,2
#disappointed,2
#neverworks,2
#Happy,2
#spreading,2
#successful,2
#MindOfGod,2
#UrsulaOnAMonday,2
#changed,2
#FunInTheSun,2
#like15,2
#Idontwanttobuildasnowman,2
#massive,2
#twat,2
#HandyMedicalFact,2
#imout,2
#PatioPics,2
#WCCO,2
#BestSelfie2014,2
#coldhandswarmheart,2
#mommyproblems,2
#AlwaysWorking,2
#mommylife,2
#RDJ,2
#你就算5隔格我都知你讲me,2
#BTW,2
#calledit,2
#bandwagon,2
#Houseisafeeling,2
#EDUCATE,2
#GuruMantra,2
#Hawaii,2
#trip,2
#POTUS,2
#Romance,2
#CantStopSinging,2
#GRRRR,2
#elf,2
#uni,2
#joy,2
#chancellor,2
#SPECTRE,2
#burnout,2
#myfamiry,2
#Congressmen,2
#NDAA,2
#Voting,2
#LoveYouBro,2
#BlogTalkRadio,2
#ACUnity,2
#SteamSale,2
#SteamWinterSale,2
#Drama,2
#ICouldSleepForeverRightNow,2
#NationalChampionship,2
#ALAvsOre,2
#girlfriend,2
#BlackOnBlackCrime,2
#Protest,2
#FERGUSON,2
#Sometimes,2
#blood,2
#stillafan,2
#sligowillbehithardagain,2
#blackHumor,2
#Optimism,2
#metahipster,2
#TGA,2
#ALS,2
#IceBucketChallenge,2
#NotInMyWallet,2
#OFFLINE,2
#yourAtruefriendtoher,2
#biggest,2
#CDC,2
#Enough,2
#badbusiness,2
#anymore,2
#ThatsABossBitchRightThere,2
#ableg,2
#really,2
#wemarchon,2
#retweet,2
#ifagree,2
#sadface,2
#wemissedyoutoo,2
#PMT,2
#GoodStartToTheDay,2
#2of6,2
#6daystretch,2
#dontcare,2
#McYuck,2
#lostsale,2
#truestory,2
#I10,2
#oldfriends,2
#LGBT,2
#Patients,2
#weddingseason,2
#rave,2
#edm,2
#pennyboard,2
#skate,2
#GangstaWankstaYard,2
#RajyaSabha,2
#dreamon,2
#december,2
#thanksalot,2
#NotStoked,2
#freelesson,2
#english,2
#esl,2
#tesl,2
#itsabovemypaygradetocare,2
#stillcare,2
#lesigh,2
#worstsongever,2
#feeling,2
#watchthelordman,2
#sameparents,2
#favorites,2
#environmnet,2
#regular,2
#web,2
#stuff,2
#DC,2
#Dominos,2
#Haha,2
#myfairdaily,2
#Bigfoot,2
#sametunes,2
#LANDROVER,2
#nosurprisethere,2
#Are,2
#Experts,2
#Hovering,2
#After,2
#Background,2
#Motion,2
#dev,2
#AlabamaStateMajors,2
#WhoIsPaulMcCartney,2
#KnowYourHistory,2
#BritishRoyalty,2
#Titles,2
#PublicDuties,2
#humanrights,2
#TheBear,2
#united,2
#hategasbbqs,2
#nowplaying,2
#oldjoke,2
#iwanttogohome,2
#FOLLOW,2
#FOLLOWBACK,2
#putting,2
#phone,2
#silent,2
#bargain,2
#insulting,2
#skrillex,2
#perfection,2
#deathofme,2
#outlook,2
#Oil,2
#plunges,2
#percent,2
#five,2
#lows,2
#after,2
#bearish,2
#IEA,2
#greatscheduling,2
#thuglife,2
#incaseyoucanttell,2
#tasteslikechicken,2
#termite,2
#TheWalkingDead,2
#dreamjob,2
#problem,2
#thanks,2
#splitshift,2
#sucks,2
#tbt,2
#poortaste,2
#kissesandhugs,2
#Flu,2
#Abuse,2
#DamonLeroi,2
#inspiration,2
#motivationalquotes,2
#fuckthat,2
#happytuesday,2
#Iowa,2
#Branstad,2
#CommunityChoice,2
#AFSCME,2
#Homan,2
#newjob,2
#Typical,2
#uglychristmassweaters,2
#happyholidays,2
#merrychristmas,2
#onlyatnycr,2
#USPS,2
#study,2
#skateeverydamnday,2
#craves,2
#things,2
#butstill,2
#EMC,2
#basura,2
#immondizia,2
#thanksforthehelp,2
#bewareofdog,2
#StillHoldingIt,2
#ThanksForTheAnnoyingNote,2
#killerband,2
#sundaydateday,2
#lunatic2015,2
#dracomalfoy,2
#safety,2
#onlinedating,2
#letmegohome,2
#seaandwhitesands,2
#Jedi,2
#cuddling,2
#Foreplay,2
#doctor,2
#socollege,2
#Ebola,2
#Racism,2
#RacePimps,2
#JesseJackson,2
#Doctors,2
#Tcot,2
#pjnet,2
#CCot,2
#Pjtv,2
#Tea,2
#SoMuchBadNegativity,2
#SmileYouFuckTards,2
#urock,2
#Already,2
#mehblog,2
#littlemeh,2
#Bluehand,2
#PeaceOnEarth,2
#MerryChristmas,2
#Bush,2
#How,2
#Coyotes,2
#NBA,2
#police,2
#lifestyle,2
#pinterest,2
#triedandtrue,2
#Extras,2
#Clinton,2
#Fitting,2
#wasps,2
#elxn2016,2
#getlifted,2
#pbloggers,2
#mbloggers,2
#retrogaming,2
#Sprint,2
#Verizon,2
#Guide,2
#Bra,2
#Dying,2
#SupersonicWithGionee,2
#Hot,2
#Rachel,2
#sarci,2
#wit,2
#low,2
#constant,2
#chattyman,2
#Malawi,2
#Mumbai,2
#gottalisten,2
#friesenfamilychristmas,2
#youoweme,2
#keepgoing,2
#getoutside,2
#yyj,2
#NYPDMutiny,2
#oops,2
#InternationalHarryStylesDay,2
#folloback,2
#bestcoworkersever,2
#hopethathelps,2
#bestie,2
#tequila,2
#greensfail,2
#Fitbit,2
#IHOP,2
#mainsteam,2
#TrendSetter,2
#summer,2
#2o14,2
#alena,2
#Delhi,2
#bestfriend,2
#idek,2
#chips,2
#ifoll,2
#TheyGaveMeTCUColorsForChristmas,2
#Dementia,2
#Action,2
#Alliance,2
#nov26,2
#Peshawar,2
#Sidney,2
#Ottawa,2
#aretheyserious,2
#relax,2
#Facebook,2
#TrueFact,2
#linez,2
#hadfun,2
#neverboxingdayshoppingagain,2
#PakSchoolSiege,2
#YesCracker,2
#FAIL,2
#SPAM,2
#geeks,2
#villalovein,2
#AstLei,2
#lcfc,2
#IfYouKnowWhatIMean,2
#funnyGuy,2
#For,2
#And,2
#cynefin,2
#cheater,2
#Canned,2
#Lot,2
#Space,2
#InteriorDecor,2
#positivenote,2
#HockeyTournament,2
#RefLife,2
#Zebras,2
#pong,2
#x30,2
#Basics4Babies,2
#worthashot,2
#sick,2
#WOW,2
#CRAZYkids,2
#OutofControlKids,2
#DrPhi,2
#tblightning,2
#firefly,2
#gatecrasher,2
#excuses,2
#spain,2
#RingBySpring,2
#TurnUpppp,2
#lookingforwardtothat,2
#ComingSoon,2
#LoveIt,2
#LoveU,2
#Software,2
#GangnamStyle,2
#Geek,2
#SundayFunday,2
#white,2
#culturalmarxism,2
#tea,2
#abstract,2
#colors,2
#spainish,2
#exhibit,2
#fuji,2
#boltssocial,2
#analytics,2
#tees,2
#PregnancyProblems,2
#scum,2
#weak,2
#hesnodeed,2
#eyesup,2
#ilovelife,2
#blackout,2
#besafe,2
#5Things,2
#bethethunder,2
#Tshirt,2
#RulesWereMadeToBeBroken,2
#NotForTheIntellectuals,2
#DrHandsomeDennis,2
#Dancing,2
#practicewhatyoupreach,2
#BestDayEver,2
#bigdata,2
#ShouldOfStayedInBed,2
#Jews,2
#Church,2
#Bible,2
#ilovecollege,2
#Hackers,2
#whoops,2
#CelebrityLeakedPhotos,2
#AnEyeForAnEye,2
#realmvp,2
#ireallythinkyouareafuckingidiot,2
#sloppy,2
#winelover,2
#40,2
#Corner,2
#Day,2
#Expensive,2
#FLOOD,2
#NOAH,2
#HovindTheory,2
#ICEAGE,2
#Living,2
#jakeplummer,2
#miracle,2
#far,2
#neverlaughed,2
#fOLLOW,2
#MONEY,2
#HOMEbiz,2
#mlm,2
#behh,2
#beh,2
#distance,2
#034i,2
#road,2
#100,2
#Glitter,2
#Inside,2
#Just,2
#Lamp,2
#ipod,2
#SelenaGomez,2
#JustinBeiber,2
#bestdayever,2
#appointments,2
#outsidethelines,2
#whatarethelivingrockpeoplefor,2
#lucky13,2
#myloves,2
#lastsunday2014,2
#hours,2
#HungerGames,2
#bloodshot,2
#eyerony,2
#Gophers,2
#allcelebritiesarefriends,2
#afraid,2
#TheMoreYouKnow,2
#hebetripping,2
#fuckyou,2
#13CABS,2
#goodguy,2
#EzoneGoaDiaries,2
#saywhattheythink,2
#Liberal,2
#Do,2
#Fear,2
#Every,2
#crush,2
#Sleepy,2
#2am,2
#backupoff,2
#office,2
#tinsel,2
#christmassy,2
#China,2
#Shanghai,2
#Xi,2
#Accepted,2
#Jinping,2
#orders,2
#investigation,2
#jargon,2
#design,2
#reallynotreally,2
#skill,2
#justsaying,2
#iubb,2
#5,2
#Ugggh,2
#notoldschool,2
#Once,2
#goodgovernanceday,2
#Umm,2
#JustBrowsing,2
#sanctions,2
#hamper,2
#dialogue,2
#SoundCloud,2
#blackbrunchnyc,2
#mua,2
#sike,2
#eyeliner,2
#notforme,2
#makeup,2
#naturalgirl,2
#wtf,2
#melayu,2
#tokyo,2
#uncarrier,2
#anime,2
#1am,2
#lifts,2
#embargo,2
#KashmirBoycotts,2
#HumanRightsDay,2
#Manchester,2
#NotOnwWell,2
#BestChristmasEver,2
#SkinnerBox,2
#still,2
#jamaicaobserverandroidapp,2
#finish,2
#needAnewRoutine,2
#CheapBastard,2
#scaredycat,2
#topmum,2
#expression,2
#Highway,2
#flattire,2
#before,2
#ahead,2
#sees,2
#BureDin,2
#Blame,2
#Luck,2
#Genes,2
#as,2
#Cause,2
#Most,2
#Cancer,2
#Types,2
#Why,2
#12DaysOfChristmasSweatersContest,2
#overpaid,2
#mermaidlove,2
#newyear2015,2
#cognitivedissonance,2
#GoodGovernance,2
#NaMo,2
#GoGo,2
#butnotreally,2
#ChrisChristy,2
#flo,2
#commuterprobs,2
#done,2
#shesdone,2
#Sony,2
#Hotel,2
#NewYears,2
#Religious,2
#Cultivo,2
#Letchworth,2
#northernline,2
#JebBush,2
#tfl,2
#workout,2
#fitfam,2
#math,2
#class,2
#music,2
#eye,2
#snowflake,2
#NUFC,2
#NYC,2
#STOPTHIS,2
#WHY,2
#SUCHAGOODWEEK,2
#Kuivaa,2
#maybetomorrow,2
#Democracy,2
#CoPocracy,2
#MorningJoe,2
#DemocracyMatters,2
#Police_officer,2
#Abuser,2
#Villain,2
#Prey,2
#Putin,2
#won,2
#intimidated,2
#Crimea,2
#nerds,2
#getalife,2
#Aquarium,2
#TeamIpswich,2
#peacemaker,2
#instacraze,2
#pondering,2
#act,2
#whether,2
#copycatsays,2
#soproud,2
#gpabdrivers,2
#whoISshe,2
#cAn,2
#tell,2
#much,2
#gonna,2
#beth,2
#twd,2
#forever,2
#bae,2
#WalkingDead,2
#notcool,2
#addiction,2
#nobodycares,2
#DrAmbarish,2
#howaboutno,2
#protesters,2
#RacialProfiling,2
#sup,2
#twitter,2
#talking,2
#alot,2
#thort,2
#sould,2
#SchoolSystem,2
#Textbook,2
#Evolution,2
#Tco,2
#immigration,2
#narrowminds,2
#stopwatchingthenews,2
#andstoppreachingoffyoutube,2
#lawenforcement,2
#KarmicThought,2
#WiseWord,2
#favthings,2
#SteveHarvey,2
#Law,2
#finalsweekgotmelike,2
#EWU,2
#Happiness,2
#givingback,2
#notreally,2
#lcsbeauty,2
#lblogger,2
#ACVictory,2
#soexcited,2
#surprised,2
#PakArmy,2
#HateWhenThingsDontWorkRight,2
#Blackberry,2
#Classic,2
#smartphone,2
#flzjingleball,2
#baptism,2
#athenakairalyn,2
#godmother,2
#boots,2
#Fuck,2
#noonegivesafuck,2
#yippee,2
#happiness,2
#Brummie,2
#OnWisconsin,2
#ineednewboots,2
#f2xmasparty,2
#mom,2
#Bit,2
#Chair,2
#Comfy,2
#Mind,2
#ikea,2
#decor,2
#Stars,2
#American,2
#ShotsFired,2
#streetart,2
#countonmother,2
#CaptainCourageous,2
#GoMe,2
#latergram,2
#gradschool,2
#basic,2
#java,2
#Alice,2
#7DayService,2
#prioritymail,2
#hahahaha,2
#news,2
#expose,2
#fake,2
#exposed2014,2
#boycott,2
#sponsors,2
#nailwraps,2
#Labour,2
#coalition,2
#xfactor,2
#beginning,2
#BrendanFraserBirthdayBash,2
#Discounts,2
#Vacations,2
#goodtv,2
#garbage,2
#BananaBonanza,2
#TwitterTime,2
#goals,2
#BreakingBad,2
#dont,2
#giveup,2
#should,2
#easy,2
#Heisenberg,2
#JurassicParkTheLostWorld,2
#JurassicWorld,2
#nailart,2
#wordsofkindness,2
#graffiti,2
#nohelp,2
#hacker,2
#hacked,2
#yaay,2
#Trust,2
#Holder,2
#IRS,2
#racebaiters,2
#rock,2
#punk,2
#vsco,2
#Anker,2
#Fail,2
#aintnobodygottimeforthat,2
#PrincipalSwag,2
#raising,2
#SoNotClassy,2
#MichaelBeerens,2
#ChampagneExcuses,2
#2n1Edition,2
#wild,2
#labour,2
#terrible,2
#Italy,2
#Cabinet,2
#approves,2
#first,2
#planks,2
#Renzi,2
#reform,2
#freakyfriday,2
#FreeSpeechMovement,2
#Press,2
#dancemusic,2
#NightClub,2
#badday,2
#TooMuch,2
#chills,2
#iheartradio,2
#proudly,2
#LegalizeIt,2
#ITalkTooMuchShit,2
#ThatsWhyYourGirlStillFollows,2
#politics,2
#lingaa,2
#shatru,2
#bjp,2
#idiots,2
#America,2
#continues,2
#Peacefull,2
#whyme,2
#gettingold,2
#dental,2
#12,2
#NAShuffle,2
#CSGO,2
#Authority,2
#Abbas,2
#YOURSTILLCLOCKINGMETHO,2
#GoodellMustGo,2
#NZ,2
#ATLvsNO,2
#activist,2
#detention,2
#driving,2
#car,2
#extended,2
#Rockos,2
#Modern,2
#Life,2
#ForeverA90sKid,2
#ImNotTheWallabyIusedToBe,2
#Florida,2
#TarponSprings,2
#TampaBay,2
#trademarks,2
#PanamaCity,2
#KCvsPIT,2
#INDvsDAL,2
#trades,2
#stalemate,2
#confrontation,2
#move,2
#ihateyou,2
#fistbump,2
#focus,2
#starve,2
#distractions,2
#werk,2
#createpath,2
#uplift,2
#FEMALECONDOMS,2
#herpes,2
#curable,2
#managed,2
#OTH,2
#FUN,2
#heavyamountsofsarcasm,2
#tiredashell,2
#coffeecoffeecoffee,2
#sexy,2
#HellOnWheels,2
#weatherbomb,2
#winning,2
#tmi,2
#imsorry,2
#chickfila,2
#lovinglife,2
#itv,2
#Say,2
#always,2
#humanity,2
#worst,2
#nimble,2
#agile,2
#2003,2
#rollsroyce,2
#purple,2
#customcar,2
#CyberMonday,2
#Saudi,2
#female,2
#Fears,2
#verdict,2
#servicewithasmile,2
#serialbrady,2
#BabyBoomer,2
#GenerationY,2
#NewWayToCommunicate,2
#Dallas,2
#Politics,2
#RAW,2
#NowListening,2
#Senses,2
#album,2
#Let,2
#Scumbag,2
#RepeatOffender,2
#OneGameIsNotEnough,2
#DoBetter,2
#Big,2
#ItalianBees,2
#Honey,2
#Bee,2
#Microsoft,2
#ChristmasShopping,2
#sketchy,2
#dignity,2
#brotherskeeper,2
#whosonfirst,2
#shenanigans,2
#fixit,2
#MIley,2
#BeeHive,2
#Cyrus,2
#The,2
#Influence,2
#soggybreeks,2
#Landlord,2
#Rent,2
#HoneyBees,2
#match,2
#Chelsea,2
#NASA_Orion,2
#loss,2
#naptime,2
#isntitironic,2
#donchathink,2
#imnotsure,2
#am,2
#boring,2
#person,2
#feelingabandoned,2
#somepplhavetostudy,2
#xmasdo,2
#xmasparty,2
#FestiveFattyBumBum,2
#Prelim,2
#Jenny,2
#entity,2
#dancing,2
#NASA,2
#63,2
#phillhughes,2
#UVA,2
#excessivecomsumption,2
#another,2
#dark,2
#lovehistory,2
#lovenonfiction,2
#psych,2
#Karma,2
#reliefcomedy,2
#lovemyrelationship,2
#curiosity,2
#CLEtraffic,2
#nooffense,2
#Ignorant,2
#Articulate,2
#IYON,2
#Dancehall,2
#thingsmichelleobamathinksareracist,2
#hannity,2
#OneloveFestival,2
#TyneWeirSunday,2
#Exotic,2
#Pakistan,2
#matters,2
#hell,2
#TrueGentlemen,2
#WelcomeToTheWorld,2
#NeverArgueWithFools,2
#reboot,2
#ChrisPratt,2
#examproblems,2
#piccollage,2
#nerd,2
#chistmas,2
#sillybilly,2
#stubborn,2
#bigbootybitches,2
#heyyall,2
#isthatajoke,2
#Terror,2
#AnalScreen,2
#ShamiWitness,2
#chardsohard,2
#vienna,2
#studentlife,2
#momgoals,2
#Libby,2
#Lane,2
#appointment,2
#Women,2
#bishops,2
#debate,2
#lame,2
#reality,2
#DIY,2
#MobileCover,2
#Balance,2
#SuperDayLineUp,2
#whitewine,2
#christmastrees,2
#Epic,2
#Girl,2
#Dream,2
#Strong,2
#FergusonRiotTips,2
#VitoandVito,2
#WAARMedia,2
#ycot,2
#Forever,2
#Young,2
#Out,2
#hearts,2
#PhillipJoelHughes,2
#soeasytotakeapicwithatoddler,2
#19wksandcounting,2
#bigclub,2
#WinterThought,2
#CashForContainers,2
#homebasedbusiness,2
#trill,2
#loved,2
#Saints,2
#SEAvsPHI,2
#BALvsMIA,2
#Surubaya,2
#psn,2
#giveitup,2
#Steak,2
#foodie,2
#QZ8501,2
#takeoff,2
#towercontrol,2
#WinSunburnPasses,2
#pmlive,2
#StoleEm,2
#TheReasonForTheSeason,2
#MichiganMan,2
#Christ,2
#FBC,2
#FBCJAX,2
#kitsch,2
#homealone,2
#artsy,2
#moneygall,2
#summer2k14,2
#editorspick,2
#sillyvine,2
#Tr,2
#trueFriend,2
#LaughNow,2
#productivity,2
#Talks,2
#Crazyness,2
#Naturopath,2
#Apothecary,2
#Herb,2
#Poison,2
#ARSENAL,2
#manutd,2
#studing,2
#university,2
#lazy,2
#techtalk,2
#list,2
#watch,2
#BHPBilliton,2
#Eating,2
#WorkingOut,2
#ElektrikBLOOM,2
#ElektrikFANTASY,2
#iwant2DRIFT,2
#Elev8TheUnderground,2
#BHP,2
#South32,2
#gunman,2
#nicolescherzinger,2
#OneLove,2
#MyQueen,2
#rivertrip,2
#groupchat,2
#nicejob,2
#LesterToChicago,2
#FantasticFriday,2
#kennychesney,2
#Somuchfun,2
#Monsanto,2
#Trains,2
#TheGrind,2
#London,2
#MyHappyFace,2
#HowTheGrinchStoleChristmas,2
#beachwalk,2
#crescenthead,2
#needmorecoffee,2
#areyoukiddingme,2
#PSA,2
#gotinterupted,2
#Bulls,2
#imgoingtostruggle,2
#VSFS2014,2
#Zing,2
#GuardiansOfTheGalaxy,2
#getthisoutofmyhead,2
#iloveit,2
#JustShootMeKnow,2
#TheStartOfTechWeek,2
#drumcorps,2
#IDPwD,2
#disability,2
#Quintessential,2
#SadButTrue,2
#livingontheedge,2
#fan,2
#secondsemester,2
#cronuts,2
#stressed,2
#praisehim,2
#vsocam,2
#hero,2
#spiderman,2
#fakefan,2
#mustwatchb4decemberendssobssobs,2
#justkidding,2
#Masseuse,2
#Reviewer,2
#Massage,2
#gonnahaveagoodday,2
#East,2
#updates,2
#Assad,2
#US,2
#airstrikes,2
#serious,2
#efficient,2
#chilly,2
#BoseL1Model2,2
#AnalQueenAlysa,2
#8217,2
#youcanthearit,2
#stoptalking,2
#chemtrailsdontexist,2
#growup,2
#betarocks15,2
#seen,2
#Middle,2
#BLESSED,2
#somethingrandom,2
#instagram,2
#Catholic,2
#prayer,2
#frio,2
#freezing,2
#costadelsol,2
#IloveCanada,2
#chore,2
#rolemode,2
#norespect,2
#VolNation,2
#BeatNCState,2
#contempt,2
#mockery,2
#SickWorld,2
#Old,2
#father,2
#bean,2
#soclumsy,2
#royalty,2
#NewYearNewMe,2
#PTI,2
#GoNawazGo,2
#GlobalArtistHMA,2
#90ssarcasm,2
#thesun,2
#thingsthatarewrong,2
#Riga,2
#self,2
#finnishgirl,2
#businesswoman,2
#Germany,2
#Weidmann,2
#better,2
#than,2
#expected,2
#UPX,2
#LAFire,2
#PAT,2
#ModelTownNotForgotten,2
#Milke,2
#supporting,2
#TotallyStillGoingToDrinkTheRedbull,2
#actuallyihopeso,2
#almajmoua,2
#CSR,2
#lebanon,2
#togetherwegrow,2
#microfinance,2
#thinkpositive,2
#Retry,2
#mondaymorning,2
#liberalmentality,2
#Arizona,2
#Court,2
#Appeals,2
#Decides,2
#To,2
#inconvenient,2
#resigns,2
#Criticism,2
#Jax,2
#whenyouseeit,2
#everyonecanfly,2
#AdelaideRouteCancelled,2
#they,2
#PDP,2
#wifi,2
#drive,2
#Murders,2
#IcantBreathe,2
#rudygay,2
#hardest,2
#knowing,2
#having,2
#faith,2
#going,2
#JoeStrummer,2
#Sandinista,2
#smellya,2
#dr,2
#Ireland,2
#about,2
#run,2
#sleepdeprived,2
#Youthiacrasy,2
#Military,2
#keepyourpromise,2
#PTIKeptPakFirst,2
#succes,2
#if,2
#miserable,2
#give,2
#atheistproblems,2
#serverproblems,2
#casual,2
#funday,2
#allyouneedisstyle,2
#todayimwearing,2
#WreathAcrossAmerica,2
#honor,2
#prince,2
#FallenHeros,2
#gets,2
#mandate,2
#wanted,2
#â,2
#recovery,2
#transmitterproblems,2
#AlGore,2
#ＦＯＬＬＯＷ,2
#Sketch,2
#spudshed,2
#fresh,2
#fruit,2
#Perth,2
#ZemirBegic,2
#fitnessmotivation,2
#Thailand,2
#crown,2
#Abe,2
#2nd,2
#peace,2
#ebayipad,2
#SurgicalStockings,2
#attractive,2
#limbs,2
#slowclap,2
#fulfilling,2
#ugly,2
#sweater,2
#somadatBandHandadorama,2
#beach,2
#NFLDraft,2
#STRAWMAN,2
#holierthanthou,2
#henryisalegend,2
#Rape,2
#picture,2
#costateguise,2
#morecoffee,2
#Merica,2
#speech,2
#writingtips,2
#walk,2
#talk,2
#personality,2
#care,2
#share,2
#Laundrymatfun,2
#YesIsaidNOT,2
#spincycle,2
#youspinmeround,2
#recordplayer,2
#thatsmykid,2
#80smusic,2
#teachingth,2
#MountbellewIsAHurlingStronghold,2
#HolyRosary4life,2
#SeniorB,2
#beingproductive,2
#cuzididntwantgoodfood,2
#ghostwriter,2
#australia,2
#wat,2
#terminator,2
#apocalypseiscoming,2
#warofthemachines,2
#mongkok,2
#kowloon,2
#hongkong,2
#dongiotravels,2
#50thfloor,2
#gosteelers,2
#leavemealonemom,2
#my2fave,2
#bahhumbug,2
#MLS,2
#TFC,2
#bakery,2
#nh,2
#skiing,2
#TeensAnalyzed,2
#perksofbeingasenior,2
#lmao,2
#1000ADAY,2
#ThingsYouSayToYourBestFriend,2
#Hunger,2
#vanished,2
#affluent,2
#overweight,2
#society,2
#sad,2
#nosocialconscience,2
#somuchwin,2
#moon,2
#crazy,2
#BoldandBeautiful,2
#traditional,2
#legit,2
#justbecause,2
#WingedWarriors,2
#scary,2
#PDC,2
#DartsWorldChampionship,2
#ball,2
#MUFC,2
#FOLLOWME,2
#FOLLOWNGAIN,2
#TEAMTOFOLLOW,2
#TEAMFOLLOWBACK,2
#kys,2
#idontcare,2
#Alwaysinjured,2
#OCARE,2
#drenched,2
#LRT,2
#WarOnWomen,2
#HappyMarriage,2
#MakeSussexSafe,2
#lateforwork,2
#fuck,2
#nosuchthing,2
#dramatic,2
#TopForm,2
#EUVAT,2
#catfish,2
#NotOk,2
#youknowwhoyouare,2
#negative,2
#justkiddingIlovethem,2
#ThingsBetterThanTitansJags,2
#bigjoefavorite,2
#boyfriend,2
#justgothomefromdinner,2
#smiles,2
#lies,2
#asroma,2
#noreplies,2
#StoryOfMyLife,2
#OriginalPatNeshekFanClubMember,2
#questionable,2
#NOA,2
#onuchapel,2
#StopTxtnHim,2
#Husband,2
#MY,2
#IBM,2
#getscared,2
#actuallysorry,2
#ACA,2
#Net,2
#neutrality,2
#Cisco,2
#Intel,2
#warn,2
#ArrowMidSeasonFinale,2
#FCC,2
#crack,2
#ISPs,2
#technology,2
#Gruber,2
#tired,2
#stormageddon,2
#hypebeast,2
#fishsitter,2
#KO,2
#goldfish,2
#SuperDayLineup,2
#Fit,2
#Fitness,2
#No,2
#Give,2
#Up,2
#Denmark,2
#challenges,2
#North,2
#Pole,2
#randomtweet,2
#latenightfilms,2
#MockingjayPart1,2
#didsbury,2
#Grateful,2
#goodfriend,2
#Ninja,2
#Goa,2
#PoliceBrutality,2
#Terrorism,2
#blip,2
#LoveLife,2
#page,2
#404,2
#careful,2
#literacy,2
#become,2
#historical,2
#telling,2
#twitterproblemsforme,2
#something,2
#youre,2
#mum,2
#mistake,2
#chance,2
#till,2
#January,2
#canary,2
#CantWait,2
#notjustWordPress,2
#Cadbury,2
#Friday,2
#skincare,2
#Scandal,2
#CanCup,2
#games,2
#heartbroken,2
#burrito,2
#thebest,2
#caring,2
#youareagenius,2
#Meme,2
#Monday,2
#MemeMonday,2
#Obamacare,2
#AcidReflux,2
#StandUpShot,2
#JokeoftheDay,2
#alcoholic,2
#tipsy,2
#bullcrap,2
#energy,2
#myboos,2
#makingmemories,2
#Motivating,2
#ThisIsMiserable,2
#RaceWars,2
#luvvit,2
#Miranda,2
#mot,2
#lufc,2
#DRILL,2
#CFL,2
#goldilocks,2
#spinless,2
#gutless,2
#ARSvQPR,2
#vodka,2
#mother,2
#Congratulations,2
#Hashemite,2
#Kingdom,2
#Jordan,2
#socute,2
#icant,2
#jk,2
#whynot,2
#pop,2
#whirleyshot,2
#whirleystudio,2
#sharpie,2
#acrylics,2
#BadDay,2
#Kaley,2
#apologises,2
#saying,2
#Mac12days,2
#MinnesotaProblems,2
#WhatAGoodWeek,2
#obama,2
#puppy,2
#adorable,2
#seniorbrunch,2
#fearfree,2
#His,2
#Majesty,2
#King,2
#Abdullah,2
#noproblem,2
#Anonymous,2
#iam,2
#fearfull,2
#bff,2
#Wise,2
#Legend,2
#yogapants,2
#Media,2
#Struggle,2
#Save,2
#Country,2
#2015isthenewturnup,2
#fireball,2
#champwithin,2
#scaredshitless,2
#tignes,2
#seasonlife,2
#inasong,2
#NoReligion,2
#BlackFriday,2
#ItWasQuiet,2
#Detroit,2
#gunlaws,2
#INDvsCLE,2
#slowinternet,2
#ThanksFinals,2
#stronger,2
#perfect,2
#mybody,2
#thatscool,2
#PalinSpawn,2
#needmoremoney,2
#iwasshit,2
#killedit,2
#cat,2
#strips,2
#RUT340,2
#dislike,2
#stepoff,2
#tragedy,2
#carbon,2
#hood,2
#sticker,2
#red,2
#mathisfun,2
#automotive,2
#dope,2
#cars,2
#Uniform,2
#unity,2
#LMFAIR14,2
#PTIUKGoNawazGoCampaign,2
#imissedu,2
#yikes,2
#bibotour,2
#selfpraise,2
#Bts,2
#PhotoShoot,2
#WIFEYSERIES,2
#SayNo,2
#dreams,2
#tips,2
#Spain,2
#Greece,2
#OperaciónPandora,2
#shitbants,2
#sofulfilled,2
#Buy,2
#Couch,2
#Enveloppe,2
#HomeDecor,2
#Cannot,2
#NNN,2
#comcastistheworst,2
#BestNewArtist,2
#needthemoney,2
#miboxzombie,2
#fuckingwindows,2
#fashionable,2
#empower,2
#weavers,2
#KhadiGaatha,2
#GoGreen,2
#indiefilm,2
#NapTime,2
#HybridCloud,2
#Cleansing,2
#Contaminating,2
#Vapour,2
#abuse,2
#words,2
#Ed,2
#SC3stars,2
#nephew,2
#films,2
#BusyBee,2
#ijustwannasleep,2
#RedEye,2
#Berlin,2
#iwannagobacktobed,2
#centeroftheuniverse,2
#PerksOfBeingOld,2
#atlas,2
#timezoneproblems,2
#sucksimissedyou,2
#Torontotrafficisfun,2
#It8217s,2
#Matters,2
#Size,2
#Style,2
#That,2
#wedding,2
#soorganised,2
#Arrow,2
#friend,2
#48hfr,2
#NiceOne,2
#3d,2
#mass,2
#stabbing,2
#butseriouslytheroadsarebad,2
#IBeenDoingIntegralsSinceThe5thGrade,2
#mediabias,2
#GoodJob,2
#Indias30,2
#Rohtak,2
#patience,2
#Gamergate,2
#shameonyou,2
#pro,2
#idiot,2
#hobbit,2
#onelasttime,2
#cinema,2
#ov,2
#racism,2
#4anyone,2
#clever,2
#waynesworld,2
#original,2
#engaged,2
#countries,2
#special,2
#dedication,2
#ma,2
#Syrian,2
#alone,2
#instalisten,2
#heart,2
#voice,2
#Can,2
#stinks,2
#gobonastick,2
#dickheads,2
#Ahhhhhhhhh,2
#CantWaitForTomorrow,2
#shelovesitwhenIsendthatmany,2
#familyvacation,2
#confused,2
#Frodo,2
#excellent,2
#fucktherain,2
#wherearemyhunters,2
#imgonnalooksocutetoday,2
#clouds,2
#seekshelter,2
#big,2
#LOTR,2
#andnotgetcaughtbyMR,2
#LOTRO,2
#thirdyearlife,2
#nightauditadventures,2
#resortjobprobs,2
#everyday,2
#Chezza,2
#sometimes,2
#reported,2
#killed,2
#children,2
#familyguy,2
#inlove,2
#iphoneonly,2
#igers,2
#russia,2
#sm,2
#Archer,2
#Hoplite,2
#Bow,2
#Spear,2
#lovemyfam,2
#BEST,2
#raps,2
#draft,2
#gimmick,2
#Novel,2
#comfortzone,2
#nextlevel,2
#running,2
#necklace,2
#jesus,2
#JerseyCity,2
#eyeroll,2
#AintItFun,2
#HellBeFiredinElevenMonths,2
#timetodecorate,2
#tistheseason,2
#72HoursOfCrazy,2
#PowerOfFive,2
#NJ,2
#comics,2
#BirthOfAWinner,2
#Turnovers,2
#OREvsFSU,2
#queensofthestoneage,2
#rockinrio,2
#bestroomieaward,2
#cartoon,2
#buzzkillington,2
#longnight,2
#wont,2
#longday,2
#that,2
#squadgoals,2
#JarrodDavis,2
#studybreaks,2
#UMDFinalsWeek,2
#needmoresleep,2
#Patriots,2
#report,2
#card,2
#Grades,2
#half,2
#Poulan,2
#Chainsaw,2
#chain,2
#saws,2
#start,2
#starting,2
#asshole,2
#an,2
#help,2
#ontheroad,2
#sleepy,2
#NotReally,2
#givemeabrew,2
#TTC,2
#PS4,2
#mondays,2
#athensbyrain,2
#ontime,2
#cant,2
#sisters,2
#COOLURSTYLE,2
#UniteBlue,2
#LeBron,2
#James,2
#Violence,2
#answer,2
#bitch,2
#bitchy,2
#badass,2
#meaningful,2
#K,2
#mad,2
#Over,2
#Beginning,2
#God,2
#Things,2
#delilyfe,2
#sexpest,2
#jokles,2
#gotrealworktodo,2
#musicalgenius,2
#innovation,2
#Sad,2
#socialism,2
#Unrealistic,2
#philisinnocent,2
#Video,2
#pumpkinspiced,2
#pumpkin,2
#mytopgirls,2
#moving,2
#Stations,2
#Bikes,2
#Being,2
#Properly,2
#Maintained,2
#beforeCoffee,2
#ItsACurse,2
#ever,2
#imissmyboyfriend,2
#freshh,2
#ExodusMovie,2
#flowers,2
#pretty,2
#painting,2
#nature,2
#lchs,2
#Bulldogs,2
#dog,2
#Comptroller,2
#dogs,2
#HSC2024,2
#marleyandme,2
#lotsofdepopuploaded,2
#jealousy,2
#almostdone,2
#studentloans,2
#auspol,2
#AbsoluteFavs,2
#Malala,2
#Ouch,2
#rain,2
#gales,2
#legend,2
#Burst,2
#cavs,2
#cavaliers,2
#nba,2
#DeathToISIS,2
#DeathToTaliban,2
#techSupport,2
#bespoke,2
#bulldog,2
#religion,2
#vlog,2
#jewels,2
#exciting,2
#hand,2
#high,2
#custom,2
#martinfreeman,2
#boohackers,2
#hollywooddriveingolf,2
#universal,2
#citiwalk,2
#wifeyseries,2
#truebro,2
#BOFA,2
#CitiBike,2
#butscheming,2
#laughing,2
#putyourtoysaway,2
#gymfanatic,2
#stillgoingout,2
#coffee,2
#christmasbreak,2
#SLabour,2
#BlairMcDougal,2
#DeputyDug,2
#MeltDown,2
#BetterTogether,2
#whereswinter,2
#Lebanon,2
#detainee,2
#Iraqi,2
#official,2
#soz,2
#valueformoneynot,2
#PMS,2
#pm,2
#PM,2
#misusing,2
#facepalm,2
#jokes,2
#funtime,2
#ecards,2
#amazingness,2
#feminism,2
#Uglygirlsclub,2
#fourthwave,2
#devops,2
#state,2
#MissWorld2014,2
#Dirt,2
#VIRGIN,2
#uber,2
#DelhiRape,2
#orings,2
#central,2
#KMYB19HR,2
#badboyfriend,2
#idea,2
#brain,2
#Annoying,2
#FactAboutDentist,2
#none,2
#cleverclogs,2
#shld,2
#know,2
#nakhre,2
#Knicks,2
#TheBullsCanHaveHim,2
#TheSmiths,2
#ohwow,2
#InstaSize,2
#goodmood,2
#weirdpose,2
#ohbliss,2
#lowbudget,2
#smartmove,2
#Entertaining,2
#ifitsreal,2
#navy,2
#toshort,2
#humanbrain,2
#2015season,2
#2014sucks,2
#feelshit,2
#short,2
#nose,2
#tall,2
#selfieeee,2
#Corpsman,2
#holyschedule,2
#needanapp,2
#deadbeatdads,2
#singlemom,2
#POPCORN,2
#LudicrousStory,2
#onlyKidding,2
#possible,2
